http://altamontks.com/,"Altamont, Kansas","1,080"
http://atwoodkansas.com/,"Atwood, Kansas","1,194"
http://baxtersprings.us/,"Baxter Springs, Kansas","4,238"
http://belaireks.gov/,"Bel Aire, Kansas","6,769"
http://bentonks.org/,"Benton, Kansas",880
http://burlingtonkansas.gov/,"Burlington, Kansas","2,674"
http://burrtonkansas.com/,"Burrton, Kansas",901
http://carbondaleks.com/,"Carbondale, Kansas","1,437"
http://chapmanks.com/,"Chapman, Kansas","1,393"
http://cheneyks.org/,"Cheney, Kansas","2,094"
http://ci.salina.ks.us/,"Salina, Kansas","47,707"
http://cityofatticaks.com/,"Attica, Kansas",626
http://cityofcentraliaks.org/,"Centralia, Kansas",512
http://cityofhugoton.com/,"Hugoton, Kansas","3,904"
http://cityoflacygne.org/,"La Cygne, Kansas","1,149"
http://cityoflarned.org/,"Larned, Kansas","4,054"
http://cityoflinwood.org/,"Linwood, Kansas",375
http://cityofsabetha.com/,"Sabetha, Kansas","2,571"
http://cityofstgeorge.ourlocalview.com//HomeTown/,"St. George, Kansas",639
http://cityoftescott.com/,"Tescott, Kansas",319
http://dwightks.net/,"Dwight, Kansas",272
http://edwardsvilleks.org/,"Edwardsville, Kansas","4,340"
http://elsmorekansas.tripod.com/,"Elsmore, Kansas",77
http://elwoodkansas.com/,"Elwood, Kansas","1,224"
http://emporia-kansas.gov/,"Emporia, Kansas","24,916"
http://eskridgeks.org/,"Eskridge, Kansas",534
http://eurekaks.org/,"Eureka, Kansas","2,633"
http://galenaks.gov/,"Galena, Kansas","3,085"
http://gardnerkansas.gov/,"Gardner, Kansas","19,123"
http://girardkansas.gov/,"Girard, Kansas","2,789"
http://greatbendks.net/,"Great Bend, Kansas","15,995"
http://inmanks.org/,"Inman, Kansas","1,377"
http://lebanon.mykansaslibrary.org/,"Lebanon, Kansas",218
http://lecompton.org/,"Lecompton, Kansas",625
http://leotikansas.org/,"Leoti, Kansas","1,534"
http://mcfarlandkansas.com/,"McFarland, Kansas",256
http://meridenks.com/,"Meriden, Kansas",813
http://merriam.org/,"Merriam, Kansas","11,003"
http://missionwoods-ks.org/,"Mission Woods, Kansas",178
http://moscowkansas.com/,"Moscow, Kansas",310
http://norwichks.com/,"Norwich, Kansas",491
http://parkerfieldks.org/,"Parkerfield, Kansas",426
http://pawneerock-ks.gov/,"Pawnee Rock, Kansas",252
http://paxicomerchants.com/,"Paxico, Kansas",221
http://plainvilleks.com/,"Plainville, Kansas","1,903"
http://pleasantonks.com/,"Pleasanton, Kansas","1,216"
http://potwinks.com/,"Potwin, Kansas",449
http://robinsonks.wordpress.com/,"Robinson, Kansas",234
http://rozelcity.com/,"Rozel, Kansas",156
http://seldenks.org/,"Selden, Kansas",219
http://silverlakeks.org/,"Silver Lake, Kansas","1,439"
http://sites.google.com/site/cityoftyro,"Tyro, Kansas",220
http://skyways.lib.ks.us/towns/Gas/,"Gas, Kansas",564
http://spearville.org/,"Spearville, Kansas",773
http://syracusekschamber.com/,"Syracuse, Kansas","1,812"
http://troykansas.com/,"Troy, Kansas","1,010"
http://victoriaks.com/,"Victoria, Kansas","1,214"
http://westwoodhills.org/,"Westwood Hills, Kansas",359
http://whitecityks.net/,"White City, Kansas",618
http://www.abilenecityhall.com/,"Abilene, Kansas","6,844"
http://www.admireks.com/,"Admire, Kansas",156
http://www.andoverks.com/,"Andover, Kansas","11,791"
http://www.anthonykansas.org/,"Anthony, Kansas","2,269"
http://www.arkansascityks.gov/,"Arkansas City, Kansas","12,415"
http://www.armakansas.org/,"Arma, Kansas","1,481"
http://www.ashlandks.com/,"Ashland, Kansas",867
http://www.auburnks.com/,"Auburn, Kansas","1,227"
http://www.augustaks.org/,"Augusta, Kansas","9,274"
http://www.baldwincity.org/,"Baldwin City, Kansas","4,515"
http://www.beloitks.org/,"Beloit, Kansas","3,835"
http://www.bluerapids.org/,"Blue Rapids, Kansas","1,019"
http://www.bonnersprings.org/,"Bonner Springs, Kansas","7,314"
http://www.bpks.org/,"Belle Plaine, Kansas","1,681"
http://www.brewsterkansas.com/,"Brewster, Kansas",305
http://www.buhlerks.org/,"Buhler, Kansas","1,327"
http://www.burlingameks.com/,"Burlingame, Kansas",934
http://www.burnsks.com/,"Burns, Kansas",228
http://www.caneyks.com/,"Caney, Kansas","1,966"
http://www.cantonks.org/,"Canton, Kansas",748
http://www.cawkercitykansas.com/,"Cawker City, Kansas",469
http://www.chanute.org/,"Chanute, Kansas","9,119"
http://www.cherryvaleusa.com/,"Cherryvale, Kansas","2,367"
http://www.chetopa.org/,"Chetopa, Kansas","1,125"
http://www.ci.elkhart.ks.us/,"Elkhart, Kansas","2,205"
http://www.ci.haddam.ks.us/,"Haddam, Kansas",104
http://www.cityofalma-kansas.net/,"Alma, Kansas",832
http://www.cityofandale.com/,"Andale, Kansas",928
http://www.cityofargonia.com/,"Argonia, Kansas",501
http://www.cityofatchison.com/,"Atchison, Kansas","11,021"
http://www.cityofbasehor.org/,"Basehor, Kansas","4,613"
http://www.cityofbellevillekansas.com/,"Belleville, Kansas","1,991"
http://www.cityofbelvue.50megs.com/,"Belvue, Kansas",205
http://www.cityofbennington.com/,"Bennington, Kansas",672
http://www.cityofcaldwellks.com/,"Caldwell, Kansas","1,068"
http://www.cityofcedarvale.com/,"Cedar Vale, Kansas",579
http://www.cityofclaycenter.com/,"Clay Center, Kansas","4,334"
http://www.cityofcouncilgrove.com/,"Council Grove, Kansas","2,182"
http://www.cityofculverkansas.org/,"Culver, Kansas",121
http://www.cityofdouglassks.com/,"Douglass, Kansas","1,700"
http://www.cityofellinwoodks.com/,"Ellinwood, Kansas","2,131"
http://www.cityofeudoraks.gov/,"Eudora, Kansas","6,136"
http://www.cityoffrankfort.org/,"Frankfort, Kansas",726
http://www.cityofharper.com/,"Harper, Kansas","1,473"
http://www.cityofherington.com/,"Herington, Kansas","2,526"
http://www.cityofhiawatha.org/,"Hiawatha, Kansas","3,172"
http://www.cityofhighlandkansas.com/,"Highland, Kansas","1,012"
http://www.cityofhillsboro.net/,"Hillsboro, Kansas","2,993"
http://www.cityofholcomb.org/,"Holcomb, Kansas","2,094"
http://www.cityofhopeks.com/,"Hope, Kansas",368
http://www.cityofhoward.org/,"Howard, Kansas",687
http://www.cityofiola.com/,"Iola, Kansas","5,704"
http://www.cityofkanorado.com/,"Kanorado, Kansas",153
http://www.cityofkingman.com/,"Kingman, Kansas","3,177"
http://www.cityofkirwin.com/,"Kirwin, Kansas",171
http://www.cityoflaharpe.org/,"La Harpe, Kansas",578
http://www.cityoflakequivira.org/,"Lake Quivira, Kansas",906
http://www.cityofliberal.org/,"Liberal, Kansas","20,525"
http://www.cityofliebenthal.net/,"Liebenthal, Kansas",103
http://www.cityoflinnvalley.com/,"Linn Valley, Kansas",804
http://www.cityoflongton.com/,"Longton, Kansas",348
http://www.cityofmaize.org/,"Maize, Kansas","3,420"
http://www.cityofmarysvilleks.com/,"Marysville, Kansas","3,294"
http://www.cityofmclouth.org/,"McLouth, Kansas",880
http://www.cityofmeade.org/,"Meade, Kansas","1,721"
http://www.cityofnatoma.com/,"Natoma, Kansas",335
http://www.cityofnorcatur.com/,"Norcatur, Kansas",151
http://www.cityofolpe.com/,"Olpe, Kansas",546
http://www.cityofoskaloosaks.org/,"Oskaloosa, Kansas","1,113"
http://www.cityofpaola.com/,"Paola, Kansas","5,602"
http://www.cityofphillipsburg.com/,"Phillipsburg, Kansas","2,581"
http://www.cityofprattks.com/,"Pratt, Kansas","6,835"
http://www.cityofriley.org/,"Riley, Kansas",939
http://www.cityofsedan.com/,"Sedan, Kansas","1,124"
http://www.cityofsedgwick.org/,"Sedgwick, Kansas","1,695"
http://www.cityofsouthhaven.com/,"South Haven, Kansas",363
http://www.cityofstaffordks.com/,"Stafford, Kansas","1,042"
http://www.cityofudall.com/,"Udall, Kansas",746
http://www.cityofulysses.com/,"Ulysses, Kansas","6,161"
http://www.cityofuniontown.net/,"Uniontown, Kansas",272
http://www.cityofwaverly.org/,"Waverly, Kansas",592
http://www.cityofwellington.net/,"Wellington, Kansas","8,172"
http://www.cityofwestmorelandks.org/,"Westmoreland, Kansas",778
http://www.cityofyatescenter.com/,"Yates Center, Kansas","1,417"
http://www.clearwaterks.org/,"Clearwater, Kansas","2,481"
http://www.clydekansas.org/,"Clyde, Kansas",716
http://www.coffeyville.com/,"Coffeyville, Kansas","10,295"
http://www.coldwaterks.com/,"Coldwater, Kansas",828
http://www.columbuscityhall.com/,"Columbus, Kansas","3,312"
http://www.colwichks.org/,"Colwich, Kansas","1,327"
http://www.concordiaks.org/,"Concordia, Kansas","5,395"
http://www.conwayspringsks.com/,"Conway Springs, Kansas","1,272"
http://www.courtlandks.com/,"Courtland, Kansas",285
http://www.cubakansas.com/,"Cuba, Kansas",156
http://www.cunninghamks.net/,"Cunningham, Kansas",454
http://www.cwfks.org/,"Cottonwood Falls, Kansas",903
http://www.derbyweb.com/,"Derby, Kansas","22,158"
http://www.desotoks.us/,"De Soto, Kansas","5,720"
http://www.dightonkansas.com/,"Dighton, Kansas","1,038"
http://www.discoverhillcity.com/,"Hill City, Kansas","1,474"
http://www.discoverlogan.com/,"Logan, Kansas",589
http://www.discovernorton.com/,"Norton, Kansas","2,928"
http://www.discoveroakley.com/,"Oakley, Kansas","2,045"
http://www.discoverosborne.com/,"Osborne, Kansas","1,431"
http://www.dodgecity.org/,"Dodge City, Kansas","27,340"
http://www.downsks.net/,"Downs, Kansas",900
http://www.eastborough-ks.gov/,"Eastborough, Kansas",773
http://www.edgertonks.org/,"Edgerton, Kansas","1,671"
http://www.elbingks.com/,"Elbing, Kansas",229
http://www.eldoks.com/,"El Dorado, Kansas","13,021"
http://www.ellis.ks.us/,"Ellis, Kansas","2,062"
http://www.ellsworthks.net/,"Ellsworth, Kansas","3,120"
http://www.enterpriseks.org/,"Enterprise, Kansas",855
http://www.erieks.com/,"Erie, Kansas","1,150"
http://www.esbonkansas.org/,"Esbon, Kansas",99
http://www.fairwaykansas.org/,"Fairway, Kansas","3,882"
http://www.florenceks.com/,"Florence, Kansas",465
http://www.fowlerkansas.com/,"Fowler, Kansas",590
http://www.franklincoks.org/index.aspx?NID=612,"Lane, Kansas",225
http://www.franklincoks.org/index.aspx?NID=615,"Princeton, Kansas",277
http://www.franklincoks.org/index.aspx?NID=616,"Rantoul, Kansas",184
http://www.fredoniaks.org/,"Fredonia, Kansas","2,482"
http://www.frontenacks.net/,"Frontenac, Kansas","3,437"
http://www.fscity.org/,"Fort Scott, Kansas","8,087"
http://www.garden-city.org/,"Garden City, Kansas","26,658"
http://www.gardenplain.com/,"Garden Plain, Kansas",773
http://www.garnettks.net/,"Garnett, Kansas","3,415"
http://www.gaylordkansas.com/,"Gaylord, Kansas",114
http://www.glascokansas.org/,"Glasco, Kansas",498
http://www.glenelder.com/,"Glen Elder, Kansas",445
http://www.goesselks.com/,"Goessel, Kansas",539
http://www.grandviewplaza.org/,"Grandview Plaza, Kansas","1,560"
http://www.greeleycounty.org/city-of-horace/,"Horace, Kansas",70
http://www.greeleycounty.org/tribune/,"Tribune, Kansas",741
http://www.greensburgks.org/,"Greensburg, Kansas",777
http://www.grenolaks.com/,"Grenola, Kansas",216
http://www.gridleyks.org/,"Gridley, Kansas",341
http://www.halsteadks.com/,"Halstead, Kansas","2,085"
http://www.havenkansas.com/,"Haven, Kansas","1,237"
http://www.havilandks.com/,"Haviland, Kansas",701
http://www.haysusa.com/,"Hays, Kansas","20,510"
http://www.haysville-ks.com/,"Haysville, Kansas","10,826"
http://www.hesstonks.org/,"Hesston, Kansas","3,709"
http://www.hoisingtonks.org/,"Hoisington, Kansas","2,706"
http://www.holyroodkansas.com/,"Holyrood, Kansas",447
http://www.hortonkansas.net/,"Horton, Kansas","1,776"
http://www.hudsonkansas.org/,"Hudson, Kansas",129
http://www.humboldtkansas.org/,"Humboldt, Kansas","1,953"
http://www.hutchgov.com/,"Hutchinson, Kansas","42,080"
http://www.independenceks.gov/,"Independence, Kansas","9,483"
http://www.jetmorekansas.com/,"Jetmore, Kansas",867
http://www.junctioncity-ks.gov/,"Junction City, Kansas","23,353"
http://www.kechiks.com/,"Kechi, Kansas","1,909"
http://www.kensingtonks.net/,"Kensington, Kansas",473
http://www.kiowaks.org/,"Kiowa, Kansas","1,026"
http://www.lakinkansas.org/,"Lakin, Kansas","2,216"
http://www.leawood.org/,"Leawood, Kansas","31,867"
http://www.leboks.org/,"Lebo, Kansas",940
http://www.lenexa.com/,"Lenexa, Kansas","48,190"
http://www.leroykansas.com/,"LeRoy, Kansas",561
http://www.lincolnks.org/,"Lincoln Center, Kansas","1,297"
http://www.lovesmalltownamerica.com/arlingtonks.php,"Arlington, Kansas",473
http://www.lovesmalltownamerica.com/burdenks.php,"Burden, Kansas",535
http://www.lovesmalltownamerica.com/grainfieldks.php,"Grainfield, Kansas",277
http://www.lovesmalltownamerica.com/grinnellks.php,"Grinnell, Kansas",259
http://www.lovesmalltownamerica.com/palcoks.php,"Palco, Kansas",277
http://www.lovesmalltownamerica.com/parkks.php,"Park, Kansas",126
http://www.lucaskansas.com/,"Lucas, Kansas",393
http://www.lvks.org/,"Leavenworth, Kansas","35,251"
http://www.lyndonks.gov/,"Lyndon, Kansas","1,052"
http://www.lyonsks.org/,"Lyons, Kansas","3,739"
http://www.mankatoks.com/,"Mankato, Kansas",869
http://www.marionks.net/,"Marion, Kansas","1,927"
http://www.marquetteks.org/,"Marquette, Kansas",641
http://www.marshallco.net/axtell/,"Axtell, Kansas",406
http://www.marshallco.net/beattie/,"Beattie, Kansas",200
http://www.marshallco.net/summerfield/,"Summerfield, Kansas",156
http://www.mayetta.org/,"Mayetta, Kansas",341
http://www.mcphersonks.org/,"McPherson, Kansas","13,155"
http://www.medicinelodge.ks.gov/,"Medicine Lodge, Kansas","2,009"
http://www.melvernks.com/,"Melvern, Kansas",385
http://www.miltonvaleks.com/,"Miltonvale, Kansas",539
http://www.minneapolis-ks.com/,"Minneapolis, Kansas","2,032"
http://www.minneolakansas.com/,"Minneola, Kansas",745
http://www.missionhillsks.gov/,"Mission Hills, Kansas","3,498"
http://www.missionks.org/,"Mission, Kansas","9,323"
http://www.molinekansas.com/,"Moline, Kansas",371
http://www.morancity.org/,"Moran, Kansas",558
http://www.moundcity.org/,"Mound City, Kansas",694
http://www.moundridge.com/,"Moundridge, Kansas","1,737"
http://www.mounthopecity.com/,"Mount Hope, Kansas",813
http://www.mulvanekansas.com/,"Mulvane, Kansas","6,111"
http://www.neodesha.org/,"Neodesha, Kansas","2,486"
http://www.nesscountychamber.com/ness_city.htm,"Ness City, Kansas","1,449"
http://www.nesscountychamber.com/ransom.htm,"Ransom, Kansas",294
http://www.nesscountychamber.com/utica.htm,"Utica, Kansas",158
http://www.newtonkansas.com/,"Newton, Kansas","19,132"
http://www.nickersonks.org/,"Nickerson, Kansas","1,070"
http://www.northnewton.org/,"North Newton, Kansas","1,759"
http://www.nortonvilleks.com/,"Nortonville, Kansas",637
http://www.oberlin-kansas.com/,"Oberlin, Kansas","1,788"
http://www.ogden-ks.gov/,"Ogden, Kansas","2,087"
http://www.olatheks.org/,"Olathe, Kansas","125,872"
http://www.olsburgks.com/,"Olsburg, Kansas",219
http://www.onaga.org/,"Onaga, Kansas",702
http://www.opkansas.org/,"Overland Park, Kansas","173,372"
http://www.osagecity.com/,"Osage City, Kansas","2,943"
http://www.osawatomieks.org/,"Osawatomie, Kansas","4,447"
http://www.oswegokansas.com/,"Oswego, Kansas","1,829"
http://www.overbrookks.com/,"Overbrook, Kansas","1,058"
http://www.oxfordks.org/,"Oxford, Kansas","1,049"
http://www.ozawkie.org/,"Ozawkie, Kansas",645
http://www.parkcityks.com/,"Park City, Kansas","7,297"
http://www.parsonsks.com/,"Parsons, Kansas","10,500"
http://www.peabodyks.com/,"Peabody, Kansas","1,210"
http://www.perrykansas.us/,"Perry, Kansas",929
http://www.pomonaks.com/,"Pomona, Kansas",832
http://www.pvkansas.com/,"Prairie Village, Kansas","21,447"
http://www.ramonaks.com/,"Ramona, Kansas",187
http://www.randolphks.com/,"Randolph, Kansas",163
http://www.readingks.com/,"Reading, Kansas",231
http://www.roelandpark.net/,"Roeland Park, Kansas","6,731"
http://www.rossvillekansas.us/,"Rossville, Kansas","1,151"
http://www.russellcity.org/,"Russell, Kansas","4,506"
http://www.saintmarys.com/,"Saint Marys, Kansas","2,627"
http://www.scrantonks.com/,"Scranton, Kansas",710
http://www.seneca-kansas.us/,"Seneca, Kansas","1,991"
http://www.skyways.org/towns/Satanta/,"Satanta, Kansas","1,133"
http://www.skyways.org/towns/Windom/index.html,"Windom, Kansas",130
http://www.smithcenterks.com/,"Smith Center, Kansas","1,665"
http://www.southhutch.com/,"South Hutchinson, Kansas","2,457"
http://www.springhillks.com/,"Spring Hill, Kansas","5,437"
http://www.stjohnkansas.com/,"St. John, Kansas","1,295"
http://www.stocktonkansas.net/,"Stockton, Kansas","1,329"
http://www.stpaulks.us/,"St. Paul, Kansas",629
http://www.strong-city.org/,"Strong City, Kansas",485
http://www.sylvangrovekansas.com/,"Sylvan Grove, Kansas",279
http://www.thenewsleaf.com/effingham.htm,"Effingham, Kansas",546
http://www.tiptonkansas.com/,"Tipton, Kansas",210
http://www.tonganoxie.org/,"Tonganoxie, Kansas","4,996"
http://www.topeka.org/,"Topeka, Kansas","127,473"
http://www.valleycenterks.org/,"Valley Center, Kansas","6,822"
http://www.valleyfalls.org/,"Valley Falls, Kansas","1,192"
http://www.wakefieldks.com/,"Wakefield, Kansas",980
http://www.wallacecounty.net/government/localgov.php,"Sharon Springs, Kansas",748
http://www.wallacecounty.net/government/localgov.php,"Wallace, Kansas",57
http://www.waltonkansas.com/,"Walton, Kansas",235
http://www.wamego.org/,"Wamego, Kansas","4,372"
http://www.washingtonks.net/,"Washington, Kansas","1,131"
http://www.watervillekansas.com/,"Waterville, Kansas",680
http://www.wathenakansas.com/,"Wathena, Kansas","1,364"
http://www.westwoodks.org/,"Westwood, Kansas","1,506"
http://www.whitewaterks.com/,"Whitewater, Kansas",718
http://www.wichita.gov/,"Wichita, Kansas","382,368"
http://www.wilsonkansas.com/,"Wilson, Kansas",781
http://www.winfieldks.org/,"Winfield, Kansas","12,301"
http://wycokck.org/,"Kansas City, Kansas","145,786"
https://archive.is/20130102173851/http://www.cityoflacrosseks.com/,"La Crosse, Kansas","1,342"
https://cimarronks.org/,"Cimarron, Kansas","2,184"
https://cityofcolby.com/,"Colby, Kansas","5,387"
https://cityofgoodland.org/,"Goodland, Kansas","4,489"
https://cityofmhk.com/,"Manhattan, Kansas","52,281"
https://cityofrosehill.com/,"Rose Hill, Kansas","3,931"
https://deerfieldkansas.com/,"Deerfield, Kansas",700
https://johnsoncityks.com/,"Johnson City, Kansas","1,495"
https://ks-lansing5.civicplus.com/,"Lansing, Kansas","11,265"
https://kswinchester.wordpress.com/,"Winchester, Kansas",551
https://lawrenceks.org/,"Lawrence, Kansas","87,643"
https://louisburgkansas.gov/,"Louisburg, Kansas","4,315"
https://newstrawn.org/,"New Strawn, Kansas",394
https://scottcityks.org/,"Scott City, Kansas","3,816"
https://sites.google.com/site/leonardville66449/,"Leonardville, Kansas",449
https://sites.google.com/site/partridgekansas/,"Partridge, Kansas",248
https://stfranciskansas.com/,"St. Francis, Kansas","1,329"
https://www.barnesks.net/,"Barnes, Kansas",159
https://www.bentleyks.com/,"Bentley, Kansas",530
https://www.birdcity.com/,"Bird City, Kansas",447
https://www.burdettks.org/,"Burdett, Kansas",247
https://www.cityofedna.org/,"Edna, Kansas",442
https://www.cityofensign.com/,"Ensign, Kansas",187
https://www.cityofgalvaks.com/,"Galva, Kansas",870
https://www.cityofquinter.com/,"Quinter, Kansas",918
https://www.cityofshawnee.org/,"Shawnee, Kansas","62,209"
https://www.cityoftowanda.com/,"Towanda, Kansas","1,450"
https://www.cityofwellsvilleks.org/,"Wellsville, Kansas","1,857"
https://www.damarkansas.com/,"Damar, Kansas",132
https://www.durhamks.net/,"Durham, Kansas",112
https://www.goddardks.gov/,"Goddard, Kansas","4,344"
https://www.holtonkansas.org/,"Holton, Kansas","3,329"
https://www.kinsleyks.com/,"Kinsley, Kansas","1,457"
https://www.lenoraks.com/,"Lenora, Kansas",250
https://www.lindsborgcity.org/,"Lindsborg, Kansas","3,458"
https://www.longfordks.org/city,"Longford, Kansas",79
https://www.moundvalleyks.com/,"Mound Valley, Kansas",407
https://www.ottawaks.gov/,"Ottawa, Kansas","12,649"
https://www.pittks.org/,"Pittsburg, Kansas","20,233"
https://www.richmondks.org/,"Richmond, Kansas",464
https://www.sites.google.com/site/cityofgypsum/,"Gypsum, Kansas",405
https://www.sterling-kansas.com/,"Sterling, Kansas","2,328"
https://www.thayerks.com/,"Thayer, Kansas",497
https://www.wakeeney.org/,"WaKeeney, Kansas","1,862"
https://www.williamsburgks.us/,"Williamsburg, Kansas",397