http://www.addisonadvantage.org/,Addison,"36,942"
http://www.albersil.com/,"Albers, Illinois","1,190"
http://www.aledoil.org/,Aledo,"3,640"
http://www.algonquin.org/,Algonquin,"30,046"
http://villageofalhambra.com/,Alhambra,681
http://villageofalpha.org/,Alpha,671
http://villageofalsip.org/,"Alsip, Illinois","19,277"
http://www.altamontil.net/,Altamont,"2,319"
http://alton-il.com/,Alton,"27,865"
http://altonaillinois.weebly.com/,Altona,531
http://www.cityofamboy.org/,Amboy,"2,500"
https://villageofandalusiail.org/,Andalusia,"1,178"
http://www.andoveril.org/,Andover,578
http://www.cityofanna.org/,"Anna, Illinois","4,442"
http://www.annawanillinois.org/,Annawan,878
http://www.antioch.il.gov/,Antioch,"14,430"
http://www.arcolaillinois.org/,Arcola,"2,916"
http://argentail.com/,Argenta,947
https://www.vah.com/,"Arlington Heights, Illinois","75,101"
http://www.villageofaromapark.info/,Aroma Park,743
http://www.arthur-il.gov/,Arthur,"2,288"
http://www.ashkum.net/,"Ashkum, Illinois",761
https://www.ashlandil.com/,Ashland,"1,333"
http://www.ashtonusa.com/,"Ashton, Illinois",972
https://cityofassumption.weebly.com/,Assumption,"1,168"
http://www.athensil.com/,Athens,"1,988"
http://www.atkinsonil.org/,Atkinson,972
http://www.atlantaillinois.org/,Atlanta,"1,692"
http://www.auburnillinois.us/,Auburn,"4,771"
http://www.aurora-il.org/,"Aurora, Illinois","197,899"
http://www.avistonil.org/,"Aviston, Illinois","1,945"
http://www.bannockburn.org/,"Bannockburn, Illinois","1,583"
http://www.barringtonhills-il.gov/,Barrington Hills,"4,209"
http://www.barrington-il.gov/,"Barrington, Illinois","10,327"
http://www.barryil.org/,Barry,"1,318"
http://bartelsoil.org/,"Bartelso, Illinois",595
http://village.bartlett.il.us/,"Bartlett, Illinois","41,208"
http://www.villageofbartonville-il.com/,Bartonville,"6,471"
http://www.cityofbatavia.net/,"Batavia, Illinois","26,045"
http://www.villageofbeachpark.com/,"Beach Park, Illinois","13,638"
http://cityofbeardstown.org/,Beardstown,"6,123"
http://beckemeyeril.gov/,Beckemeyer,"1,040"
http://www.villageofbedfordpark.com/,"Bedford Park, Illinois",580
http://www.villageofbeecher.org/,Beecher,"4,359"
http://www.belleville.net/,"Belleville, Illinois","44,478"
http://villageofbellevueil.com/,Bellevue,"1,978"
http://www.vil.bellwood.il.us/,"Bellwood, Illinois","19,071"
http://www.ci.belvidere.il.us/,Belvidere,"25,585"
http://www.bensenville.il.us/,Bensenville,"18,352"
https://www.villageofbenson.com/,Benson,423
https://bentonil.com/,Benton,"7,087"
http://www.berkeley.il.us/,"Berkeley, Illinois","5,209"
http://www.berwyn-il.gov/,"Berwyn, Illinois","56,657"
http://bethalto.com/,Bethalto,"9,521"
http://www.villageofbethany.com/,Bethany,"1,352"
http://www.villageofbigrock.us/,Big Rock,"1,126"
http://www.bishophill.com/,Bishop Hill,128
http://www.villageofbloomingdale.org/,Bloomingdale,"22,018"
http://www.cityblm.org/,Bloomington,"76,610"
http://www.blueisland.org/,"Blue Island, Illinois","23,706"
http://www.bolingbrook.com/,Bolingbrook,"73,366"
http://www.villageofbonfield.org/,Bonfield,382
http://www.villageofbonnie.com/,Bonnie,397
http://www.villageofbourbonnais.com/,Bourbonnais,"18,631"
http://bradfordil.com/,"Bradford, Illinois",768
http://www.bradleyil.org/,"Bradley, Illinois","15,895"
https://braidwood.us/,Braidwood,"6,191"
http://www.breese.org/,Breese,"4,442"
http://www.bridgeview-il.gov/,"Bridgeview, Illinois","20,446"
http://www.brightonill.com/,"Brighton, Illinois","2,254"
https://www.brimfieldil.org/,Brimfield,900
http://www.broadview-il.gov/,"Broadview, Illinois","7,932"
https://www.brocton.org/,Brocton,322
http://www.brookfieldil.gov/,"Brookfield, Illinois","18,978"
https://thevillageofbrooklyn.org/,Brooklyn,749
http://www.vbg.org/,"Buffalo Grove, Illinois","41,496"
http://www.thevillageofbullvalley.com/,Bull Valley,"1,077"
http://www.bunkerhill-il.com/,Bunker Hill,"1,774"
http://www.burbankil.gov/,Burbank,"28,925"
http://www.vil.burlington.il.us/,Burlington,618
http://villageofburnhamil.com/,"Burnham, Illinois","4,206"
http://www.burr-ridge.gov/,"Burr Ridge, Illinois","10,559"
http://www.bushnell.illinois.gov/,Bushnell,"3,117"
http://byron.govoffice.com/,Byron,"3,753"
http://www.cahokiaillinois.org/,Cahokia,"15,241"
http://www.villageofcaledonia.com/,Caledonia,197
http://www.calumetcity.org/,"Calumet City, Illinois","36,732"
http://calumetparkvillage.org/,"Calumet Park, Illinois","7,835"
http://camargoinfo.com/,Camargo,445
https://www.cambridgeil.org/,Cambridge,"2,160"
https://www.camppoint.com/,Camp Point,"1,132"
http://villageofcamptonhills.org/,Campton Hills,"11,131"
http://www.cantonillinois.org/,"Canton, Illinois","14,704"
http://www.villageofcapron.com/,Capron,"1,376"
http://www.carbon-cliff.com/,Carbon Cliff,"2,134"
http://www.explorecarbondale.com/,Carbondale,"25,902"
http://www.cityofcarlinville.com/,Carlinville,"5,917"
http://carlockillinois.com/,Carlock,552
http://carlylelake.com/,"Carlyle, Illinois","3,281"
http://www.cityofcarmi.com/,Carmi,"5,240"
http://www.carolstream.org/,Carol Stream,"39,711"
http://www.cville.org/,Carpentersville,"37,691"
http://www.carrolltonil.net/,"Carrollton, Illinois","2,484"
https://www.visitcarterville.com/,"Carterville, Illinois","5,496"
http://carthage-il.com/,"Carthage, Illinois","2,605"
http://www.caryillinois.com/,"Cary, Illinois","18,271"
http://www.cityofcaseyil.org/,Casey,"2,769"
http://www.caseyville.org/,Caseyville,"4,245"
http://catlinil.com/,Catlin,"2,040"
http://cityofcentralia.org/,"Centralia, Illinois","13,032"
http://www.cityofcentreville-il.com/,"Centreville, Illinois","5,309"
http://www.fathill.com/,Cerro Gordo,"1,403"
http://www.chadwickil.com/,Chadwick,551
http://www.champaignil.gov/,"Champaign, Illinois","81,055"
http://www.channahon.org/,Channahon,"12,560"
http://www.villageofchapin.com/,Chapin,512
http://www.charlestonillinois.org/,Charleston,"21,838"
https://www.chathamil.net/,Chatham,"11,500"
http://www.chatsworthillinois.org/,Chatsworth,"1,205"
http://www.chebanseillinois.org/,"Chebanse, Illinois","1,062"
http://www.cherryvalley.org/,Cherry Valley,"3,162"
http://www.chesterill.com/,Chester,"8,586"
http://cityofchicagoheights.org/,Chicago Heights,"30,276"
http://chicagoridge.org/,Chicago Ridge,"14,305"
http://www.cityofchicago.org/,"Chicago, Illinois","2,695,598"
http://www.cityofchillicotheil.com/,Chillicothe,"6,097"
http://www.cityofchrisman.com/,Chrisman,"1,343"
http://www.cityofchristopher.org/,Christopher,"2,382"
http://www.thetownofcicero.com/,"Cicero, Illinois","83,895"
http://www.chenoail.org/,City of Chenoa,"1,785"
http://www.genoa-il.com/,"City of Genoa, Illinois","5,193"
http://www.jacksonvilleil.com/,City of Jacksonville,"19,446"
http://cityofkewanee.com/,"City of Kewanee, Illinois","12,916"
http://www.monticelloillinois.net/,City of Monticello,"5,548"
https://www.waverlyil.com/,City of Mount Carmel,"7,284"
http://www.clarendonhills.us/,Clarendon Hills,"8,428"
http://www.claytonil.com/,"Clayton, Illinois",709
http://www.cliftonillinois.com/,"Clifton, Illinois","1,468"
http://www.clintonillinois.com/,Clinton,"7,225"
http://www.coalcity-il.com/,Coal City,"5,587"
http://www.coalvalleyillinois.org/,Coal Valley,0
http://www.cobdenil.com/,Cobden,"1,157"
http://www.colfaxillinois.com/,Colfax,"1,061"
http://www.collinsvilleil.org/,Collinsville,"25,579"
http://www.colonail.com/,Colona,"5,099"
http://www.columbiaillinois.com/,Columbia,"9,707"
https://villageofcordova.com/,Cordova,672
https://www.cortlandil.org/,Cortland,"4,270"
https://www.coulterville.org/,Coulterville,945
http://countryclubhills.org/,Country Club Hills,"16,541"
http://www.countryside-il.org/,"Countryside, Illinois","5,895"
https://www.crainville.net/,Crainville,"1,256"
https://crealsprings.net/,Creal Springs,543
http://www.cityofcresthill.com/,"Crest Hill, Illinois","20,837"
http://www.villageofcreston.org/,Creston,662
http://crestwood.illinois.gov/,Crestwood,"10,950"
http://www.villageofcrete.org/,Crete,"8,259"
http://www.villageofcc.com/,Creve Coeur,"5,451"
http://www.crystallake.org/,Crystal Lake,"40,743"
https://villageofcullomillinois.com/page/1/,Cullom,555
https://curranil.govoffice2.com/,Curran,212
http://www.dallascity-il.com/,"Dallas City, Illinois",945
http://www.damiansville.org/,"Damiansville, Illinois",491
http://www.villageofdanvers.org/,Danvers,"1,154"
http://www.cityofdanville.org/,"Danville, Illinois","33,027"
http://www.darien.il.us/,Darien,"22,086"
http://www.davisjunction.com/,Davis Junction,"2,373"
http://dawson.illinois.gov/,Dawson,509
http://www.villageofdeland.com/,De Land,446
http://villageofdesoto.com/,"De Soto, Illinois","1,590"
http://www.decaturil.gov/,"Decatur, Illinois","76,122"
http://deercreekillinois.org/,Deer Creek,704
http://villageofdeerpark.com/,"Deer Park, Illinois","3,200"
http://www.deerfield.il.us/,"Deerfield, Illinois","18,225"
http://www.cityofdekalb.com/,"DeKalb, Illinois","43,862"
http://www.delavanil.org/,Delavan,"1,689"
http://www.villageofdepue.com/,"DePue, Illinois","1,838"
http://www.desplaines.org/,Des Plaines,"58,364"
https://www.villageofdiamond.org/,Diamond,"2,527"
http://www.dieterichillinois.com/,"Dieterich, Illinois",617
http://divernonil.com/,Divernon,"1,172"
http://villageofdixillinois.com/,"Dix, Illinois",461
http://www.villageofdixmoor.org/,"Dixmoor, Illinois","3,644"
http://www.discoverdixon.org/,Dixon,"15,733"
http://vodolton.org/,"Dolton, Illinois","23,153"
https://www.villageofdonnellson.com/,"Donnellson, Illinois",210
http://www.downers.us/,Downers Grove,"47,833"
http://www.villageofdowns.org/,Downs,"1,005"
http://duquoin.org/,Du Quoin,"6,109"
http://www.villageofdunlap-il.gov/,Dunlap,"1,386"
http://www.villageofdupo.org/,Dupo,"4,138"
http://www.durand-il.com/,Durand,"1,443"
http://www.dwightillinois.org/,Dwight,"4,260"
https://earlvilleil.org/,Earlville,"1,701"
http://www.eastaltonvillage.org/,East Alton,"6,301"
http://www.cityofeastdubuque.com/,East Dubuque,"1,704"
http://eastdundee.net/,"East Dundee, Illinois","2,860"
http://easthazelcrest.com/,East Hazel Crest,"1,543"
http://www.eastmoline.com/,East Moline,"21,302"
http://www.cityofeastpeoria.com/,East Peoria,"23,402"
http://www.cesl.us/,"East St. Louis, Illinois","27,006"
http://www.cityofedwardsville.com/,Edwardsville,"24,293"
http://www.effinghamil.com/,Effingham,"12,328"
http://www.elpasoil.org/,El Paso,"2,810"
http://elburn.il.us/,Elburn,"5,602"
http://cityofelgin.org/,"Elgin, Illinois","108,188"
http://www.villageofelizabethil.com/,Elizabeth,761
http://www.elkgrove.com/,Elk Grove Village,"33,127"
http://elkhartillinois.us/,Elkhart,405
http://www.villageofellisgrove.com/,Ellis Grove,363
http://www.elmhurst.org/,"Elmhurst, Illinois","44,121"
http://www.elmwoodil.com/,Elmwood,"2,097"
http://www.elmwoodpark.org/,"Elmwood Park, Illinois","24,883"
http://www.elsah.org/,Elsah,673
http://www.villageofelwood.com/,Elwood,"2,279"
http://www.villageofenergy.com/,Energy,"1,146"
http://www.villageoferie.com/,Erie,"1,602"
http://villageofessex.com/,Essex,802
http://www.eurekaillinois.net/,Eureka,"5,295"
http://cityofevanston.org/,"Evanston, Illinois","74,486"
http://evansvilleil.org/,Evansville,701
http://evergreenpark-ill.com/,"Evergreen Park, Illinois","19,852"
http://ww2.cityoffairbury.com/,Fairbury,"3,757"
http://www.fairfield-il.com/,Fairfield,"5,154"
http://www.fairmontcityil.com/,Fairmont City,"2,635"
http://fairmountil.com/,Fairmount,642
http://www.fairviewheightscity.com/,Fairview Heights,"17,078"
https://www.farmercityil.org/,Farmer City,"2,037"
http://farmingtonil.com/,"Farmington, Illinois","2,448"
http://www.fisher.il.us/,Fisher,"1,881"
https://www.flanaganil.org/,Flanagan,"1,110"
http://www.flatrockmi.org/index-home.asp,"Flat Rock, Illinois",331
http://florail.govoffice2.com/,Flora,"5,070"
http://flossmoor.org/,"Flossmoor, Illinois","9,464"
http://www.villageoffordheights.org/,"Ford Heights, Illinois","2,763"
http://www.forestpark.net/,"Forest Park, Illinois (Harlem)","14,167"
http://villageofforestview.com/,"Forest View, Illinois",698
https://forreston.municipalimpact.com/,Forreston,"1,446"
http://forsythvillage.us/,Forsyth,"3,490"
http://www.foxlake.org/,"Fox Lake, Illinois","10,579"
http://www.foxrivergrove.org/,Fox River Grove,"4,854"
http://villageoffrankfort.com/,"Frankfort, Illinois","17,789"
http://www.franklinillinois.net/,Franklin,610
http://www.franklingrove.org/,"Franklin Grove, Illinois","1,021"
http://vofp.com/,"Franklin Park, Illinois","18,333"
http://www.freeburg.com/,Freeburg,"4,354"
http://www.cityoffreeport.org/,Freeport,"25,638"
https://www.cityoffulton.us/,"Fulton, Illinois","3,481"
http://www.cityofgalena.org/,"Galena, Illinois","3,429"
http://www.ci.galesburg.il.us/,"Galesburg, Illinois","32,195"
http://www.galva.com/,Galva,"2,589"
http://www.cityofgeneseo.com/,Geneseo,"6,586"
http://geneva.il.us/,Geneva,"21,495"
http://www.georgetownil.com/,"Georgetown, Illinois","3,474"
http://www.germantownhills.com/,Germantown Hills,"3,438"
http://www.germantownil.net/,"Germantown, Illinois","1,269"
http://gibsoncityillinois.com/,Gibson City,"3,407"
http://villageofgilberts.com/,Gilberts,"6,879"
http://cityofgilman.com/,"Gilman, Illinois","1,814"
http://www.glasfordil.com/,Glasford,"1,022"
http://www.glen-carbon.il.us/,Glen Carbon,"12,934"
http://www.glenellyn.org/,Glen Ellyn,"27,450"
http://www.villageofglencoe.org/,"Glencoe, Illinois","8,723"
http://www.glendaleheights.org/,Glendale Heights,"34,208"
http://www.glenview.il.us/,"Glenview, Illinois","44,692"
http://villageofglenwood.com/,"Glenwood, Illinois","8,969"
http://www.godfreyil.org/,Godfrey,"17,982"
http://villageofgolf.us/,"Golf, Illinois",500
http://goodfieldillinois.com/,Goodfield,860
http://villageofgoreville.com/,"Goreville, Illinois","1,049"
http://cityofgrafton.org/about-grafton-illinois/,Grafton,674
http://villageofgrandview.com/,Grandview,"1,441"
http://www.granitecity.illinois.gov/,"Granite City, Illinois","29,849"
https://villageofgrantfork.wixsite.com/,Grantfork,337
http://villageofgrayslake.com/,"Grayslake, Illinois","20,957"
http://cityofgrayville.com/,Grayville,"1,666"
http://www.greenoaks.org/,"Green Oaks, Illinois","3,866"
http://villageofgvil.org/,Green Valley,709
http://www.greenfieldillinois.org/,"Greenfield, Illinois","1,071"
http://villageofgreenup.com/,"Greenup, Illinois","1,513"
http://thevillageofgreenview.com/,Greenview,778
http://www.greenvilleillinois.com/,"Greenville, Illinois","7,000"
http://www.gridleyillinois.org/,Gridley,"1,432"
http://www.griggsville-il.org/,Griggsville,"1,226"
http://www.hainesville.org/,"Hainesville, Illinois","3,597"
http://www.hamburgillinois.com/,Hamburg,128
http://www.villageofhamel.com/,Hamel,816
http://www.hamiltonillinois.org/,"Hamilton, Illinois","2,951"
https://villageofhammond.us/,Hammond,509
http://www.hampshireil.org/,Hampshire,"5,563"
http://hamptonil.org/,Hampton,"1,863"
http://hannacityil.com/,Hanna City,"1,225"
http://www.hanover-il.com/,Hanover,844
http://hanoverparkillinois.org/,"Hanover Park, Illinois","37,973"
http://www.thecityofharrisburgil.com/,Harrisburg,"9,017"
https://harristownil.us/,Harristown,"1,367"
http://hartfordillinois.net/,Hartford,"1,429"
http://www.cityofharvard.org/,"Harvard, Illinois","9,447"
http://www.cityofharvey.org/,"Harvey, Illinois","25,301"
http://www.harwoodheights.org/,Harwood Heights,"8,612"
http://www.scenichavana.com/,Havana,"3,301"
http://www.vhw.org/,"Hawthorn Woods, Illinois","7,663"
http://www.villageofhazelcrest.com/,"Hazel Crest, Illinois","14,100"
http://www.villageofhebron.org/,Hebron,"1,216"
http://hecker.illinois.gov/,Hecker,481
http://www.cityofhenryil.org/,Henry,"2,464"
http://www.cityofherrin.com/,Herrin,"12,501"
http://heyworth-il.gov/,Heyworth,"2,841"
http://www.hickoryhillsil.org/,"Hickory Hills, Illinois","14,049"
http://www.highlandil.gov/,Highland,"9,919"
http://www.cityhpil.com/,"Highland Park, Illinois","29,763"
http://www.cityofhighwood.com/,"Highwood, Illinois","5,405"
http://www.hillcrestil.us/,"Hillcrest, Illinois","1,326"
http://www.hillsboroillinois.net/,Hillsboro,"6,207"
http://www.hillside-il.org/,"Hillside, Illinois","8,157"
https://hinckleyil.com/,Hinckley,"2,070"
http://www.villageofhinsdale.org/,"Hinsdale, Illinois","16,816"
http://www.villageofhodgkins.org/,"Hodgkins, Illinois","1,897"
http://www.hoffmanestates.org/,Hoffman Estates,"51,895"
http://www.villageofhoffman.us/,"Hoffman, Illinois",508
http://www.villageofholidayhills.com/,Holiday Hills,610
http://homervillage.com/,Homer,"1,193"
http://homerglenil.org/,"Homer Glen, Illinois","24,220"
http://www.cityofhometown.org/,"Hometown, Illinois","4,349"
http://www.homesweethomewood.com/,Homewood,"19,323"
http://www.cityofhoopeston.com/,"Hoopeston, Illinois","5,351"
http://www.hopedale.net/,Hopedale,865
http://villageofhopewell.com/,Hopewell,410
http://www.hopkinspark-il.gov/,Hopkins Park,603
http://my.hudsonil.org/,Hudson,"1,838"
http://www.huntley.il.us/,"Huntley, Illinois","24,291"
http://illiopolis.illinois.gov/,Illiopolis,891
https://www.villageofina.org/,"Ina, Illinois","2,338"
http://www.villageofinverness.org/,"Inverness, Illinois","7,399"
http://www.villageofislandlake.com/,"Island Lake, Illinois","8,080"
http://www.itasca.com/,"Itasca, Illinois","8,649"
https://www.villageofjerome.com/,Jerome,"1,656"
http://www.jerseyville-il.us/,Jerseyville,"8,465"
https://www.johnsburg.org/,Johnsburg,"6,337"
http://www.cityofjoliet.info/,"Joliet, Illinois","147,433"
http://www.cojil.org/,Jonesboro,"1,821"
http://www.villageofjustice.org/,"Justice, Illinois","12,926"
http://villageofkaneville.com/,Kaneville,484
http://www.citykankakee-il.gov/,"Kankakee, Illinois","27,537"
http://kansasillinois.com/,Kansas,787
https://www.keithsburg.com/,Keithsburg,609
http://www.villageofkenilworth.org/,"Kenilworth, Illinois","2,513"
http://keyesportillinois.com/,"Keyesport, Illinois",421
http://www.villageofkildeer.com/,"Kildeer, Illinois","3,968"
http://www.villageofkingston.org/,Kingston,"1,164"
https://villageofkirkland.com/,"Kirkland, Illinois","1,744"
http://kville.org/,Knoxville,"2,911"
http://www.lagrangepark.org/,"La Grange Park, Illinois","13,579"
http://www.villageoflagrange.com/,"La Grange, Illinois","15,550"
http://cityoflaharpe.com/,"La Harpe, Illinois","1,235"
http://laconcity.com/,Lacon,"1,937"
http://www.vil.ladd.il.us/,"Ladd, Illinois","1,295"
http://www.lakebarrington.org/,"Lake Barrington, Illinois","4,973"
http://www.lakebluff.org/,"Lake Bluff, Illinois",0
http://www.cityoflakeforest.com/,"Lake Forest, Illinois","19,375"
http://villageoflakekahoillinois.weebly.com/,"Lake Ka-ho, Illinois",237
http://www.lake-villa.org/,"Lake Villa, Illinois","8,741"
http://lakezurich.org/,"Lake Zurich, Illinois","19,631"
http://www.lakemoor.net/,"Lakemoor, Illinois","6,017"
http://www.village.lakewood.il.us/,Lakewood,"3,811"
http://www.lanarkil.com/,Lanark,"1,457"
http://villageoflansing.org/,"Lansing, Illinois","28,331"
http://lasalle-il.gov/,LaSalle,"9,609"
http://www.lawrencecity.com/,Lawrenceville,"4,348"
http://www.leroy.org/,Le Roy,"3,560"
http://leafriver.homestead.com/VillageLR.html,Leaf River,443
http://www.lebanonil.org/city,Lebanon,"4,418"
http://www.lelandgrove.com/,Leland Grove,"1,503"
http://lemont.il.us/,"Lemont, Illinois","16,000"
http://www.villageoflena.com/,Lena,"2,912"
http://lewistownillinois.org/,"Lewistown, Illinois","2,384"
https://www.lexingtonillinois.org/,Lexington,"2,060"
http://www.libertyville.com/,"Libertyville, Illinois","20,315"
http://www.villageoflilylake.org/,Lily Lake,993
http://thevillageoflimestone.org/,"Limestone, Illinois","1,598"
http://www.lincolnil.gov/,Lincoln,"14,504"
http://www.village.lincolnshire.il.us/,"Lincolnshire, Illinois","7,275"
http://www.lincolnwoodil.org/,Lincolnwood,"12,590"
http://www.lindenhurstil.org/,"Lindenhurst, Illinois","14,462"
http://www.villageoflisle.org/,"Lisle, Illinois","22,390"
http://www.cityoflitchfieldil.com/,Litchfield,"6,939"
http://www.loami.org/,Loami,745
http://www.cityoflockport.net/,Lockport,"24,839"
http://www.villageofloda.com/,"Loda, Illinois",407
http://www.villageoflombard.org/,Lombard,"43,165"
http://www.longgrove.net/,"Long Grove, Illinois","8,043"
http://www.villageoflostant.com/,Lostant,498
http://villageoflouisvilleil.com/,"Louisville, Illinois","1,139"
http://www.loves-park.il.us/,Loves Park,"23,996"
https://web.archive.org/web/20100514231147/http://lovingtonil.com/,Lovington,"1,130"
https://villageoflyndon.org/,Lyndon,648
http://www.lynwoodil.us/,"Lynwood, Illinois","9,007"
http://www.villageoflyons-il.net/,Lyons,"10,729"
http://www.machesney-park.il.us/,Machesney Park,"23,499"
http://www.mackinawillinois.org/,Mackinaw,"1,950"
http://www.cityofmacomb.com/,"Macomb, Illinois","21,516"
https://maconcity.us/,"Macon, Illinois","1,138"
http://cityofmadisonil.com/,Madison,"3,891"
https://www.mahomet-il.gov/,Mahomet,"7,258"
http://villageofmakanda.com/,"Makanda, Illinois",561
http://villageofmalta.net/,Malta,"1,160"
https://www.villageofmanhattan.org/,Manhattan,"7,051"
http://villageofmanito.com/,Manito,"1,642"
http://villageofmansfield.net/,Mansfield,906
http://www.villageofmaplepark.com/,Maple Park,"1,310"
https://www.mapletonillinois.com/,Mapleton,270
http://maquon.org/,Maquon,284
http://www.cityofmarengo.com/,Marengo,"7,648"
http://villageofmarine.net/,Marine,960
http://marionillinois.com/,"Marion, Illinois","17,193"
http://www.villageofmarissa.com/,Marissa,"1,979"
http://www.cityofmarkham.net/,"Markham, Illinois","12,508"
https://maroaillinois.gov/,"Maroa, Illinois","1,801"
http://www.cityofmarquetteheights.com/,Marquette Heights,"2,824"
http://cityofmarseilles.com/,Marseilles,"5,094"
http://www.marshall-il.com/,Marshall,"3,933"
http://martinsvilleil.com/,Martinsville,"1,167"
http://www.vil.maryville.il.us/,Maryville,"7,487"
http://www.mascoutah.com/,Mascoutah,"7,483"
http://www.masoncityillinois.org/,Mason City,"2,343"
https://mathervilleil.govoffice2.com/,Matherville,723
http://www.mattoon.illinois.gov/,Mattoon,"18,555"
http://www.maywood-il.org/,"Maywood, Illinois","24,090"
http://www.villageofmccook.org/,"McCook, Illinois",228
http://www.villageofmccullomlake.org/,McCullom Lake,"1,049"
http://www.ci.mchenry.il.us/,"McHenry, Illinois","26,992"
https://www.mclean-il.com/,McLean,830
http://www.mcleansboro.com/,"McLeansboro, Illinois","2,883"
https://sites.google.com/view/mechanicsburgil,Mechanicsburg,590
http://melrosepark.org/,"Melrose Park, Illinois","25,411"
https://melvinillinois.org/,Melvin,452
http://www.mendonil.com/,"Mendon, Illinois",953
http://www.mendota.il.us/,"Mendota, Illinois","7,372"
http://www.merrionettepark.org/,Merrionette Park,"1,900"
http://villageofmetamora.com/,Metamora,"3,636"
http://www.cityofmetropolis.com/,Metropolis,"6,537"
http://www.mettawa.org/,"Mettawa, Illinois",547
http://middletownillinois.com/,Middletown,324
http://villageofmidlothian.net/,"Midlothian, Illinois","14,819"
http://www.milanil.org/,Milan,"5,099"
https://www.thevillageofmillbrook.com/,Millbrook,335
http://www.milledgevilleil.net/,Milledgeville,"1,032"
http://www.millingtonil.com/,Millington,665
http://villageofmillstadt.org/,Millstadt,"4,011"
https://minier.com/,Minier,"1,252"
https://cityofminonk.com/,Minonk,"2,078"
https://www.minooka.com/,Minooka,"10,924"
http://www.moline.il.us/,Moline,"43,471"
http://cityofmomence.com/,Momence,"3,310"
http://villageofmonee.org/,Monee,"5,148"
http://cityofmonmouth.com/,Monmouth,"9,444"
http://ci.montgomery.il.us/,Montgomery,"18,438"
http://morrisil.org/,Morris,"13,636"
http://www.morrisonil.org/,Morrison,"4,188"
http://www.morton-il.gov/,Morton,"16,267"
http://www.mortongroveil.org/,"Morton Grove, Illinois","23,270"
http://www.mtcarrollil.org/,Mount Carroll,"1,717"
http://www.toi.org/MOUNTMORRISTOWNSHIP/,Mount Morris,"2,998"
http://www.mountprospect.org/,"Mount Prospect, Illinois","54,167"
https://cityofmtpulaski.com/,Mount Pulaski,"1,566"
https://mtsterlingil.com/,"Mount Sterling, Illinois","2,025"
http://mtvernon.com/,Mount Vernon,"15,277"
https://www.mtzion.com/,Mount Zion,"5,833"
https://moweaqua.org/,Moweaqua,"1,831"
http://www.mundelein.org/,"Mundelein, Illinois","31,064"
http://www.murphysboro.com/,"Murphysboro, Illinois","7,970"
http://www.villageofmurrayville.com/,Murrayville,587
http://www.naperville.il.us/,"Naperville, Illinois","141,853"
http://www.cityofnauvoo.org/,Nauvoo,"1,149"
http://www.neoga.org/,"Neoga, Illinois","1,636"
https://www.villageofneponsetil.com/,"Neponset, Illinois",473
http://www.newathens.us/,New Athens,"2,054"
http://www.newbadenil.com/,New Baden,"3,349"
http://www.newberlin.il.us/,New Berlin,"1,346"
https://cityofnewbostonil.com/,New Boston,683
https://www.newhollandil.com/,New Holland,269
http://www.newlenox.net/,New Lenox,"24,394"
http://newark-il.us/,Newark,992
http://www.newtonillinois.com/,"Newton, Illinois","2,849"
http://www.vniles.com/,"Niles, Illinois","29,803"
http://www.nobleillinois.com/,Noble,677
http://www.normal.org/,"Normal, Illinois","52,497"
http://www.villageofnorridge.com/,"Norridge, Illinois","14,572"
http://www.vil.north-aurora.il.us/,North Aurora,"16,760"
http://www.northbarrington.org/,"North Barrington, Illinois","3,047"
http://www.northchicago.org/,"North Chicago, Illinois","32,574"
https://www.villageofnorthhenderson.com/,North Henderson,187
http://northpekin.us/,North Pekin,"1,573"
http://www.northriverside-il.org/,"North Riverside, Illinois","6,672"
http://www.utica-il.gov/,"North Utica, Illinois","1,352"
http://www.northbrook.il.us/,"Northbrook, Illinois","33,170"
http://www.northfieldil.org/,"Northfield, Illinois","5,420"
http://www.northlakecity.com/,"Northlake, Illinois","12,323"
http://villageofnorwood.com/,Norwood,478
http://www.ofallon.org/,"O'Fallon, Illinois","28,281"
http://www.oak-brook.org/,"Oak Brook, Illinois","7,883"
http://www.oak-forest.org/,"Oak Forest, Illinois","27,962"
http://www.oaklawn-il.gov/,"Oak Lawn, Illinois","56,690"
http://www.oak-park.us/,"Oak Park, Illinois","51,878"
http://www.oakbrookterrace.net/,Oakbrook Terrace,"2,134"
http://oakwoodil.org/,Oakwood,"1,595"
http://www.oakwoodhills.org/,Oakwood Hills,"2,083"
http://www.villageofoblong.com/,Oblong,"1,466"
http://odell-il.com/,Odell,"1,046"
http://www.odinishome.com/,Odin,"1,076"
http://www.ogdenil.com/,Ogden,810
http://www.oglesby.il.us/,Oglesby,"3,791"
http://www.okawvillecc.com/,Okawville,"1,434"
http://www.villageofoldmillcreek.org/,Old Mill Creek,178
http://www.ci.olney.il.us/,Olney,"9,115"
http://www.olympia-fields.com/,"Olympia Fields, Illinois","4,988"
http://villageofonarga.com/,"Onarga, Illinois","1,368"
http://oneidaillinois.webs.com/,Oneida,700
https://villageoquawka.com/,Oquawka,"1,371"
http://villageoforangeville.com/,Orangeville,793
http://oreanail.com/,Oreana,875
http://cityoforegon.org/,Oregon,"3,721"
http://www.cityoforient.com/,"Orient, Illinois",358
http://orionil.org/,Orion,"1,861"
http://www.orlandhills.org/,"Orland Hills, Illinois","7,149"
http://www.oswegoil.org/,Oswego,"30,355"
http://www.cityofottawa.org/,"Ottawa, Illinois","18,768"
http://www.palatine.il.us/,"Palatine, Illinois","68,557"
http://www.villageofpalestine.net/,Palestine,"1,369"
http://www.palosheights.org/,"Palos Heights, Illinois","12,515"
http://www.paloshillsweb.org/,"Palos Hills, Illinois","17,484"
http://www.palospark.org/,"Palos Park, Illinois","4,847"
http://panaillinois.org/home.htm,Pana,"5,847"
http://www.parisillinois.org/,"Paris, Illinois","8,837"
http://parkcityil.org/,"Park City, Illinois","7,570"
http://www.villageofparkforest.com/,"Park Forest, Illinois","21,975"
http://www.parkridge.us/,Park Ridge,"37,480"
http://www.pawneeil.net/,Pawnee,"2,739"
http://www.cityofpaxton.com/,Paxton,"4,473"
http://villageofpearlcity.com/,Pearl,138
http://villageofpearlcity.com/,Pearl City,838
http://www.villageofpecatonica.com/,Pecatonica,"2,195"
http://www.ci.pekin.il.us/,Pekin,"34,094"
https://www.peoriaheights.org/home,Peoria Heights,"6,156"
http://www.peoriagov.org/,"Peoria, Illinois","115,007"
https://villageofpeotone.com/,"Peotone, Illinois","4,142"
http://www.peru.il.us/,Peru,"10,295"
https://pesotum.org/,Pesotum,551
http://www.petersburgil.org/,Petersburg,"2,260"
http://villageofphilo.com/,Philo,"1,466"
http://www.villageofphoenix.org/,"Phoenix, Illinois","1,964"
http://www.ci.pinckneyville.il.us/,Pinckneyville,"5,648"
http://www.villageofpingreegrove.org/,Pingree Grove,"4,532"
http://pipercity.com/,Piper City,826
http://www.pittsfieldil.org/,"Pittsfield, Illinois","4,576"
http://www.plainfield-il.org/,Plainfield,"39,581"
http://www.cityofplanoil.com/,"Plano, Illinois","10,856"
http://pleasantplainsillinois.com/,Pleasant Plains,802
http://www.poloil.org/,Polo,"2,355"
http://www.pontiac.org/,Pontiac,"11,931"
http://www.pontoon-beach.org/,Pontoon Beach,"5,836"
https://villageofpoplargrove.com/,"Poplar Grove, Illinois","5,023"
http://www.portbarrington.net/,"Port Barrington, Illinois","1,517"
https://portbyronil.com/,Port Byron,"1,676"
http://www.villageofposen.org/,"Posen, Illinois","5,987"
https://www.prairiegrove.org/,Prairie Grove,"1,904"
http://www.princeton-il.com/,Princeton,"7,660"
https://princeville.org/,Princeville,"1,738"
http://prophetstownil.org/,Prophetstown,"2,080"
http://www.prospect-heights.il.us/,"Prospect Heights, Illinois","16,256"
http://www.quincyil.gov/,Quincy,"40,633"
http://www.villageofransom.com/,Ransom,384
http://www.myrantoul.com/,Rantoul,"12,941"
http://www.rapidscity.us/,Rapids City,959
http://www.cityofredbud.org/,Red Bud,"3,698"
http://richmond-il.com/,Richmond,"1,874"
https://ridgefarmillinois.com/,Ridge Farm,882
https://ringwood-il.us/,Ringwood,836
http://www.vrf.us/,"River Forest, Illinois","11,172"
http://rivergroveil.gov/,"River Grove, Illinois","10,227"
http://www.villageofriverdale.net/,"Riverdale, Illinois","13,549"
http://www.riverside.il.us/,"Riverside, Illinois","8,875"
http://riverton.illinois.gov/,Riverton,"3,455"
http://www.villageofriverwoods.com/,"Riverwoods, Illinois","3,660"
http://www.roanokeil.org/,Roanoke,"2,065"
http://www.robbins-il.com/,"Robbins, Illinois","5,337"
http://cityofrobinson.com/,"Robinson, Illinois","7,713"
http://www.cityofrochelle.net/,"Rochelle, Illinois","9,574"
http://www.rochesteril.org/,Rochester,"3,689"
https://rockfalls61071.net/,Rock Falls,"9,266"
http://www.rigov.org/,"Rock Island, Illinois","39,018"
https://www.villageofrockdale.com/,Rockdale,"1,976"
http://ci.rockford.il.us/,"Rockford, Illinois","152,871"
http://www.rocktonvillage.com/,Rockton,"7,685"
http://www.cityrm.org/,"Rolling Meadows, Illinois","24,099"
http://www.romeoville.org/,"Romeoville, Illinois","39,680"
http://www.villageofroscoe.com/,Roscoe,"10,785"
http://www.roselle.il.us/,"Roselle, Illinois","22,763"
http://www.rosemont.com/,"Rosemont, Illinois","4,202"
http://www.cityofrosiclare.com/,"Rosiclare, Illinois","1,160"
http://www.villageofrossville.org/,Rossville,"1,331"
http://www.villageofroundlakebeach.com/,Round Lake Beach,"28,175"
http://www.villageofroundlakeheights.com/,Round Lake Heights,"2,676"
http://www.villageofroundlakepark.com/,Round Lake Park,"7,505"
http://www.eroundlake.com/,"Round Lake, Illinois","18,289"
http://www.roxana-il.org/,"Roxana, Illinois","1,542"
http://www.royaltonillinois.com/,"Royalton, Illinois","1,151"
http://rushvilleillinois.us/,Rushville,"3,192"
http://www.sadorus.com/,Sadorus,416
http://www.salemil.us/,Salem,"7,485"
https://www.sanjoseil.com/,San Jose,642
http://www.sandwich.il.us/,"Sandwich, Illinois","7,421"
http://www.saukvillage.org/,"Sauk Village, Illinois","10,506"
http://www.sauneminillinois.org/,Saunemin,420
http://www.savannaillinois.com/,Savanna,"3,062"
http://www.savoy.illinois.gov/,Savoy,"7,280"
http://scalesmound.com/,Scales Mound,376
http://www.ci.schaumburg.il.us/,"Schaumburg, Illinois","74,227"
http://www.villageofschillerpark.com/,"Schiller Park, Illinois","11,793"
http://senecail.org/,"Seneca, Illinois","2,371"
http://www.sesser.org/,Sesser,"1,931"
http://shabbona-il.com/,Shabbona,925
http://www.shannonillinois.com/,Shannon,757
https://sheffieldil.org/,Sheffield,926
http://www.shelbyvilleillinois.net/,Shelbyville,"4,700"
http://www.villageofsheridan.org/,Sheridan,"2,137"
https://www.shermanil.org/,Sherman,"4,148"
http://sherrardil.org/,Sherrard,640
http://vil.shorewood.il.us/,Shorewood,"15,615"
http://villageofsidney.com/index.html,Sidney,"1,233"
https://www.silvisil.org/,"Silvis, IL","7,479"
http://skokie.org/,"Skokie, Illinois","64,784"
http://www.sleepyhollowil.org/,Sleepy Hollow,"3,304"
https://smithton-village.com/,Smithton,"1,500"
http://www.vil.somonauk.il.us/,Somonauk,"1,893"
http://www.southbarrington.org/,"South Barrington, Illinois","4,565"
http://www.southbeloit.org/,South Beloit,"7,892"
http://www.southchicagoheights.com/,"South Chicago Heights, Illinois","4,139"
https://www.southelgin.com/,South Elgin,"21,985"
http://www.southholland.org/,"South Holland, Illinois","22,030"
http://www.southjacksonville.org/,South Jacksonville,"3,331"
http://villageofsouthpekin.org/,South Pekin,0
https://villageofsouthwilmington.com/,South Wilmington,681
http://www.southernview.us/,Southern View,"1,642"
http://spartaillinois.us/,Sparta,"4,302"
https://www.villageofspaulding.com/,Spaulding,873
http://www.springgrovevillage.com/,Spring Grove,"5,778"
https://spring-valley.il.us/,Spring Valley,"5,558"
http://www.springfield.il.us/,"Springfield, Illinois","116,250"
http://www.villageofstanne.com/,St. Anne,"1,257"
http://www.stcharlesil.gov/,St. Charles,"32,974"
https://www.cityofstelmo.com/,St. Elmo,"1,426"
http://www.stjacobil.com/,St. Jacob,"1,098"
http://www.stjosephillinois.org/,St. Joseph,"3,967"
https://www.cityofstauntonil.com/,Staunton,"5,139"
http://steeleville.org/,Steeleville,"2,083"
http://villageofsteger.org/,"Steger, Illinois","9,570"
http://ci.sterling.il.us/,Sterling,"15,370"
http://www.stewardil.com/,Steward,256
http://www.stewardsonil.com/,Stewardson,734
http://www.villageofstickney.com/,"Stickney, Illinois","6,786"
http://www.stillmanvalley.us/,Stillman Valley,"1,120"
http://www.villageofstockton.com/,Stockton,"1,862"
http://www.villageofstonington.com/,Stonington,932
http://www.strasburgil.com/,Strasburg,467
http://www.streamwood.org/,"Streamwood, Illinois","39,858"
http://www.ci.streator.il.us/cms/,"Streator, Illinois","13,710"
http://www.subletteweb.com/,Sublette,449
http://www.sugar-grove.il.us/,Sugar Grove,"8,997"
http://sullivanil.us/,Sullivan,"4,440"
https://www.summit-il.org/,"Summit, Illinois","11,054"
http://sumnerillinois.com/,Sumner,"3,174"
http://www.sunriverterrace.com/home.html,Sun River Terrace,528
http://swanseail.org/,Swansea,"13,430"
http://www.cityofsycamore.com/,Sycamore,"17,519"
https://www.tampicoil.com/,Tampico,790
http://taylorville.net/,"Taylorville, Illinois","11,246"
http://teutopolis.com/,"Teutopolis, Illinois","1,530"
http://villageofthayer.org/,Thayer,693
http://www.thirdlakevillage.com/,"Third Lake, Illinois","1,182"
http://thomasboro.us/,Thomasboro,"1,126"
http://www.thomsonil.com/,Thomson,590
http://www.thornton60476.com/,"Thornton, Illinois","2,338"
http://www.tiltonil.com/,Tilton,"2,724"
http://villageoftimberlane.org/,Timberlane,934
http://www.tinleypark.org/,"Tinley Park, Illinois","56,703"
http://tolonoil.us/,Tolono,"3,447"
http://www.cityoftoluca.org/,Toluca,"1,414"
http://www.tonicavillage.com/,Tonica,768
http://www.cityoftoulon.com/,Toulon,"1,292"
https://villageoftowanda.org/,Towanda,480
http://www.villageoftowerlakes.com/,"Tower Lakes, Illinois","1,283"
http://www.tremontil.com/,Tremont,"2,236"
http://trentonil.org/,Trenton,"2,715"
http://www.troyil.us/,Troy,"9,888"
http://tuscola.org/home,Tuscola,"4,480"
http://university-park-il.com/,University Park,"7,129"
http://urbanaillinois.us/,"Urbana, Illinois","41,250"
http://ursavillage.org/,"Ursa, Illinois",626
http://www.valmeyerillinois.com/,"Valmeyer, Illinois","1,263"
http://vandaliaillinois.com/,Vandalia,"7,042"
http://villageofvermont.com/,"Vermont, Illinois",667
https://www.vernonhills.org/,Vernon Hills,"25,113"
https://villageofversailles.org/,"Versailles, Illinois",478
http://www.cityofviennail.net/,Vienna,"1,434"
https://villagrove.org/,Villa Grove,"2,537"
http://www.invillapark.com/,"Villa Park, Illinois","21,800"
http://www.grantpark-il.org/,Village of Grant Park,"1,331"
http://villageofgranville.org/,Village of Granville,"1,427"
http://www.gurnee.il.us/,Village of Gurnee,"31,295"
http://www.villageofhennepin.com/,Village of Hennepin,757
http://www.indianheadpark-il.gov/,Village of Indian Head Park,"3,809"
http://www.lith.org/,Village of Lake in the Hills,"28,965"
http://manteno.govoffice.com/,Village of Manteno,"9,204"
http://www.vil.mark.il.us/,Village of Mark,555
http://www.villageofmatteson.org/,Village of Matteson,"19,009"
http://www.villageofmcnabb.org/,Village of McNabb,285
http://www.mokena.org/,Village of Mokena,"18,740"
http://www.orland-park.il.us/,"Village of Orland Park, Illinois","56,767"
http://pawpawil.org/,Village of Paw Paw,870
http://www.richtonpark.org/,Village of Richton Park,"13,646"
http://www.shilohil.org/,Village of Shiloh,"12,651"
http://www.vosp.us/,"Village of Stone Park, Illinois","4,946"
http://www.wilmette.com/,"Village of Wilmette, Illinois","27,087"
http://villageofviola.org/,Viola,955
http://www.virdenonline.org/,Virden,"3,425"
http://www.villageofvirgil.com/,Virgil,329
http://www.casscomm.com/~cityofva/,Virginia,"1,611"
http://www.villageofvolo.com/,"Volo, Illinois","2,929"
http://www.villageofwadsworth.org/,"Wadsworth, Illinois","3,815"
http://www.villageofwalnut.com/,"Walnut, Illinois","1,416"
http://www.thevillageofwaltonville.com/,"Waltonville, Illinois",434
https://www.villageofwapella.org/,Wapella,558
https://villageofwarren.com/,Warren,"1,428"
http://warrensburgillinois.info/,Warrensburg,"1,210"
http://www.warrenville.il.us/,Warrenville,"13,140"
http://warsawillinois.org/,"Warsaw, Illinois","1,607"
https://villageofwashburn.com/,"Washburn, IL","1,155"
http://ci.washington.il.us/,"Washington, Illinois","15,134"
http://www.waterloo.il.us/,Waterloo,"9,811"
https://villageofwaterman.com/,Waterman,"1,506"
http://www.watsekacity.org/,Watseka,"5,255"
http://wauconda-il.gov/,"Wauconda, Illinois","13,603"
http://www.waukeganil.gov/,"Waukegan, Illinois","89,078"
https://www.waverlyil.com/,Waverly,"1,307"
http://www.villageofwayne.org/,"Wayne, Illinois","2,431"
https://www.cityofwenona.org/,Wenona,"1,056"
http://www.westchicago.org/,"West Chicago, Illinois","27,086"
http://www.villageofwestcity.com/,"West City, Illinois",661
http://www.wdundee.org/,West Dundee,"7,331"
http://www.westfrankfort-il.com/,West Frankfort,"8,182"
http://cityofwestpeoria.org/,West Peoria,"4,458"
http://www.westchester-il.org/,"Westchester, Illinois","16,718"
http://www.wsprings.com/,"Western Springs, Illinois","12,975"
http://westfieldillinois.com/,Westfield,601
http://www.westmont.il.gov/,Westmont,"24,685"
http://www.villageofwestville.com/,Westville,"3,202"
http://www.wheaton.il.us/,Wheaton,"52,894"
http://www.wheelingil.gov/,"Wheeling, Illinois","37,648"
http://thevillageofwhitecity.com/,White City,232
http://www.whitehallcitygov.com/,White Hall,"2,520"
http://williamsville.illinois.gov/,Williamsville,"1,476"
http://www.willowsprings-il.gov/,"Willow Springs, Illinois","5,524"
http://www.willowbrookil.org/,Willowbrook,"8,540"
https://www.wilmington-il.com/,"Wilmington, Illinois","5,724"
http://www.winchesteril.com/,Winchester,"1,593"
https://windsorillinois.net/,"Windsor, Illinois","1,187"
http://www.villageofwinfield.com/,"Winfield, Illinois","9,080"
http://www.villageofwinnebago.com/,Winnebago,"3,101"
http://www.villageofwinnetka.org/,"Winnetka, Illinois","12,187"
http://www.winslow-illinois.com/,Winslow,338
http://www.winthropharbor.com/,Winthrop Harbor,"6,742"
https://villageofwonderlake.org/,"Wonder Lake, Illinois","4,026"
http://www.wooddale.com/,Wood Dale,"13,770"
http://www.woodriver.org/,Wood River,"10,657"
http://www.woodhullil.org/,Woodhull,811
http://www.vil.woodridge.il.us/,"Woodridge, Illinois","32,971"
http://www.woodstockil.gov/,Woodstock,"24,770"
http://www.villageofworth.com/,"Worth, Illinois","10,789"
https://www.wyanetil.com/,Wyanet,991
http://www.wyomingil.org/,"Wyoming, Illinois","1,429"
http://www.yorkville.il.us/,"Yorkville, Illinois","16,921"
http://cityofzeiglerillinois.com/,"Zeigler, Illinois","1,801"
http://www.cityofzion.com/,"Zion, Illinois","24,413"